abacavir sulfate .......................... 41,
abacavir sulfate-lamivudine ....... 41,
abacavir-lamivudine-zidovudine .41,
ABELCET......................................23,
"ABILIFY MAINTENA............... 19, 37",
"ABILIFY MYCITE.....................19, 37",
abiraterone acetate ....................29,
ABSORICA................................... 61,
"ABSTRAL....................................5, 6",
acamprosate calcium ....................8,
acarbose ..................................... 46,
acebutolol hcl ..............................52,
acetaminophen-codeine ............... 3,
acetaminophen-codeine #3 .......... 3,
acetasol hc ..................................92,
"acetazolamide .................... 55, 103",
acetazolamide er ........................ 55,
acetic acid .....................................9,
acetylcysteine ........................... 110,
acitretin ...................................... 61,
ACTEMRA....................................86,
ACTEMRA ACTPEN...................... 86,
ACTHAR.......................................73,
ACTHIB........................................89,
ACTIMMUNE...............................89,
ACUVAIL....................................104,
acyclovir ......................................40,
acyclovir sodium ......................... 40,
ACZONE.......................................92,
ADACEL....................................... 89,
ADAGEN......................................92,
adapalene ................................... 61,
adapalene-benzoyl peroxide .......61,
adefovir dipivoxil .........................39,
ADEMPAS..................................110,
"ADVAIR HFA.............. 106, 108, 110",
afeditab cr .................................. 92,
"AFINITOR...............................32, 86",
AFINITOR DISPERZ...................... 86,
AIMOVIG.....................................27,
AIMOVIG (140 MG DOSE)........... 92,
AJOVY..........................................27,
AKYNZEO.....................................92,
ala-cort ....................................... 73,
albendazole ................................ 34,
albuterol sulfate ....................... 108,
albuterol sulfate er ................... 108,
alclometasone dipropionate .......73,
ASMANEX (30 METERED,
DOSES)...................................... 106,
ASMANEX (60 METERED,
DOSES)...................................... 107,
ASMANEX HFA.......................... 107,
aspirin-dipyridamole er ...............50,
assure id insulin safety syr .......... 48,
ASTAGRAF XL.............................. 86,
atazanavir sulfate .......................42,
atenolol .......................................52,
atenolol-chlorthalidone .............. 54,
atomoxetine hcl .......................... 58,
atorvastatin calcium ...................56,
atovaquone .................................34,
atovaquone-proguanil hcl ...........34,
ATRIPLA.......................................41,
atropine sulfate ........................ 103,
ATROVENT HFA.........................108,
AUBAGIO.................................... 59,
aubra .......................................... 79,
AUGMENTIN............................... 13,
AURYXIA......................................73,
AUSTEDO.................................... 59,
AVANDIA.....................................46,
AVC VAGINAL..............................15,
aviane ......................................... 79,
"avita ......................................34, 62",
AVONEX...................................... 93,
AVONEX PEN...............................60,
AVONEX PREFILLED.....................60,
AZASAN.......................................86,
AZASITE.......................................14,
azathioprine ................................86,
azelaic acid ................................. 62,
"azelastine hcl .................... 103, 105",
AZELEX........................................ 62,
azithromycin ............................... 14,
AZOPT....................................... 103,
aztreonam .................................. 12,
azurette ...................................... 93,
bacitracin ...................................... 9,
bacitracin-polymyxin b ............. 102,
bacitra-neomycin-polymyxin-hc102,
baclofen ...................................... 39,
BACTOCILL IN DEXTROSE............ 13,
BACTROBAN NASAL...................... 9,
BALCOLTRA................................. 93,
balsalazide disodium .................. 90,
BALVERSA................................... 32,
captopril ......................................51,
captopril-hydrochlorothiazide .... 54,
CARAC.........................................62,
CARAFATE................................... 70,
CARBAGLU.................................. 64,
"carbamazepine ..................... 18, 45",
"carbamazepine er ................. 18, 45",
"carbidopa ..............................35, 36",
carbidopa-levodopa ....................36,
carbidopa-levodopa er ................36,
carbidopa-levodopa-,
entacapone .................................35,
carbinoxamine maleate ............106,
CARDIZEM LA..............................53,
"CARDURA XL......................... 51, 72",
CARIMUNE NF.............................93,
carisoprodol ..............................111,
carteolol hcl .............................. 104,
cartia xt .......................................53,
carvedilol .................................... 53,
carvedilol phosphate er .............. 53,
caspofungin acetate ................... 23,
"CAYSTON.............................12, 109",
caziant ........................................ 79,
cefaclor ....................................... 11,
cefaclor er ................................... 11,
cefadroxil .................................... 11,
cefazolin sodium ......................... 11,
cefdinir ........................................11,
cefditoren pivoxil ........................ 93,
cefepime hcl ................................11,
cefepime-dextrose ...................... 93,
cefixime .......................................11,
"cefotaxime sodium ................11, 93",
"cefotetan disodium ............... 11, 93",
cefoxitin sodium ..........................11,
cefoxitin sodium-dextrose ...........94,
cefpodoxime proxetil .................. 11,
cefprozil ...................................... 12,
ceftazidime ................................. 12,
ceftazidime and dextrose ............94,
"ceftriaxone sodium ............... 12, 94",
cefuroxime axetil ........................ 12,
"cefuroxime sodium ................12, 94",
"celecoxib ................................. 4, 26",
CELONTIN................................... 16,
cephalexin ...................................12,
CERDELGA...................................71,
CESAMET.................................... 23,
COMBIVENT RESPIMAT............ 110,
COMETRIQ (100 MG DAILY,
DOSE)..........................................32,
COMETRIQ (140 MG DAILY,
DOSE)..........................................32,
COMETRIQ (60 MG DAILY,
DOSE)..........................................32,
comfort assist insulin syringe ......48,
COMPLERA..................................41,
compro ........................................22,
CONDYLOX..................................62,
constulose ...................................70,
COPAXONE..................................60,
COPIKTRA....................................31,
CORDRAN....................................74,
CORLANOR..................................55,
"cortisone acetate ............ 26, 74, 91",
CORTISPORIN..............................62,
COSENTYX...................................94,
COSENTYX (300 MG DOSE)......... 62,
COSENTYX SENSOREADY (300,
MG).............................................62,
COSENTYX SENSOREADY PEN..... 94,
COTELLIC.....................................32,
COUMADIN.................................49,
CREON.........................................71,
CRESEMBA.................................. 24,
CRINONE.....................................83,
CRIXIVAN.................................... 42,
"cromolyn sodium .............. 103, 109",
cryselle-28 ...................................79,
CUVITRU..................................... 95,
CUVPOSA.................................... 61,
cyanocobalamin ..........................95,
cyclafem 1/35 ............................. 79,
cyclafem 7/7/7 ............................79,
cyclobenzaprine hcl ...................111,
cyclophosphamide ...................... 29,
CYCLOSET....................................46,
cyclosporine ................................ 86,
cyclosporine modified ................. 86,
cyproheptadine hcl ................... 106,
cyred ........................................... 95,
cyred eq ...................................... 79,
CYSTADANE.................................71,
CYSTAGON.................................. 71,
CYSTARAN.................................103,
dalfampridine er ......................... 60,
DALIRESP...................................109,
D-PENAMINE...............................95,
dronabinol .................................. 23,
drospiren-eth estrad-levomefol,
".............................................. 79, 95",
drospirenone-ethinyl estradiol ....79,
DROXIA....................................... 30,
"DUAVEE.................................78, 84",
DULERA.....................................108,
"duloxetine hcl ..................21, 44, 59",
DUOBRII...................................... 63,
DUOPA........................................36,
DUPIXENT................................... 63,
duramorph ....................................5,
DUREZOL...................................104,
dutasteride ................................. 72,
dutasteride-tamsulosin hcl ......... 72,
DYMISTA................................... 110,
e.e.s. 400 .....................................14,
econazole nitrate ........................ 24,
EDURANT.................................... 41,
efavirenz ..................................... 41,
EGRIFTA...................................... 76,
ELESTRIN.....................................78,
eletriptan hydrobromide .............28,
ELIGARD......................................85,
ELIQUIS....................................... 49,
ELIQUIS STARTER PACK...............49,
ELIXOPHYLLIN............................. 95,
ELMIRON.....................................72,
EMADINE.................................... 95,
EMBEDA........................................5,
EMCYT.........................................30,
EMEND........................................23,
"EMFLAZA...............................26, 74",
EMGALITY................................... 28,
EMGALITY (300 MG DOSE)......... 28,
emoquette .................................. 79,
EMSAM....................................... 20,
EMTRIVA.....................................42,
EMVERM.....................................34,
enalapril maleate ........................52,
enalapril-hydrochlorothiazide .....54,
ENBREL....................................... 86,
ENBREL MINI...............................86,
ENBREL SURECLICK..................... 86,
endocet ......................................... 3,
ENGERIX-B.................................. 89,
"enoxaparin sodium ............... 49, 95",
enpresse-28 ................................ 79,
"fluocinonide .................... 63, 74, 96",
fluocinonide emulsified base ...... 74,
fluorometholone ....................... 104,
fluorouracil ................................. 63,
fluoxetine hcl .............................. 21,
fluphenazine decanoate ............. 36,
fluphenazine hcl ..........................36,
"flurbiprofen ............................. 4, 27",
flurbiprofen sodium .................. 104,
flutamide .................................... 29,
fluticasone propionate,
"................................ 63, 74, 75, 107",
fluticasone-salmeterol,
".................................. 107, 108, 111",
fluvastatin sodium ...................... 56,
fluvastatin sodium er .................. 56,
fluvoxamine maleate .................. 21,
fluvoxamine maleate er ..............21,
FML........................................... 105,
FML FORTE................................105,
folic acid ......................................96,
fondaparinux sodium ..................49,
FORTEO.......................................92,
FORTESTA................................... 77,
fosamprenavir calcium ............... 43,
fosinopril sodium ........................ 52,
fosinopril sodium-hctz .................54,
FOSRENOL...................................73,
FRAGMIN.................................... 49,
FREAMINE HBC........................... 65,
FREAMINE III ...............................96,
frovatriptan succinate ................ 28,
furosemide ..................................56,
FUZEON.......................................42,
fyavolv ........................................ 80,
FYCOMPA....................................17,
gabapentin ................................. 17,
GALAFOLD...................................71,
galantamine hydrobromide ........19,
galantamine hydrobromide er ....19,
GAMASTAN S/D.......................... 96,
"GAMMAGARD.......................88, 96",
GAMMAGARD S/D LESS IGA....... 88,
"GAMMAKED..........................88, 96",
"GAMMAPLEX........................ 88, 96",
"GAMUNEX-C......................... 88, 96",
GARDASIL 9.................................89,
gatifloxacin ................................. 14,
GATTEX....................................... 68,
"hydroxyzine hcl ............. 22, 43, 106",
"hydroxyzine pamoate ... 22, 44, 106",
HYPERRAB...................................96,
HYSINGLA ER.................................5,
ibandronate sodium ....................92,
IBRANCE......................................31,
"ibu ........................................... 4, 27",
"ibuprofen ................................ 4, 27",
icatibant acetate .........................86,
ICLUSIG....................................... 32,
IDHIFA.........................................31,
ILARIS.......................................... 96,
ILEVRO...................................... 105,
imatinib mesylate ....................... 32,
IMBRUVICA................................. 32,
imipenem-cilastatin .................... 12,
imipramine hcl ............................ 22,
imipramine pamoate .................. 22,
imiquimod ...................................63,
IMOVAX RABIES.......................... 89,
INBRIJA....................................... 36,
incassia ....................................... 80,
INCRELEX.................................... 76,
indapamide .................................56,
"INDOCIN..................................4, 27",
"indomethacin ..........................4, 27",
"indomethacin er ......................4, 27",
INFANRIX.................................... 89,
INGREZZA....................................87,
INLYTA.........................................32,
INNOPRAN XL............................. 53,
INREBIC....................................... 32,
insulin lispro ................................48,
insulin syringe ............................. 97,
INTELENCE.................................. 41,
intralipid ..................................... 67,
INTRALIPID..................................67,
"INTRON A.............................. 39, 40",
introvale ......................................80,
INVANZ....................................... 97,
"INVEGA SUSTENNA......... 37, 38, 97",
"INVEGA TRINZA.....................38, 97",
INVELTYS...................................105,
"INVIRASE............................... 43, 97",
INVOKAMET................................46,
INVOKAMET XR...........................46,
INVOKANA.................................. 47,
IONOSOL-MB IN D5W.................67,
IOPIDINE................................... 104,
lamotrigine starter kit-orange,
".............................................. 18, 46",
"LANOXIN............................... 55, 97",
lansoprazole ............................... 70,
lanthanum carbonate ................. 73,
LANTUS....................................... 49,
LANTUS SOLOSTAR..................... 49,
larin 1.5/30 ................................. 80,
larin 1/20 .................................... 80,
larin fe 1.5/30 ............................. 80,
larin fe 1/20 ................................ 80,
larissia .........................................80,
LASTACAFT................................103,
latanoprost ............................... 105,
LATUDA.......................................38,
layolis fe ......................................81,
"LAZANDA.............................5, 7, 47",
leena ........................................... 81,
"leflunomide ........................... 88, 89",
LENVIMA (10 MG DAILY DOSE)...33,
LENVIMA (12 MG DAILY DOSE)...33,
LENVIMA (14 MG DAILY DOSE)...33,
LENVIMA (18 MG DAILY DOSE)...33,
LENVIMA (20 MG DAILY DOSE)...33,
LENVIMA (24 MG DAILY DOSE)...33,
LENVIMA (4 MG DAILY DOSE).....33,
LENVIMA (8 MG DAILY DOSE).....33,
lessina ......................................... 81,
letrozole ...................................... 31,
"leucovorin calcium ................ 30, 34",
LEUKERAN...................................29,
"LEUKINE................................ 50, 97",
leuprolide acetate .......................85,
levalbuterol hcl ......................... 108,
levalbuterol tartrate ................. 108,
levetiracetam ..............................16,
levetiracetam er ..........................16,
levobunolol hcl ..........................104,
levocarnitine ............................... 67,
levocetirizine dihydrochloride ...106,
levofloxacin .................................14,
levofloxacin in d5w ..................... 14,
levonest ...................................... 81,
levonorgest-eth est & eth est ..... 81,
levonorgest-eth estrad 91-day ... 81,
levonorgestrel-ethinyl estrad ......81,
levonorg-eth estrad triphasic ......81,
levora 0.15/30 (28) ..................... 81,
levo-t ...........................................84,
metaxall ......................................98,
metaxalone ...............................111,
"metformin hcl ....................... 47, 98",
metformin hcl er ......................... 47,
methadone hcl .............................. 5,
methamphetamine hcl ............... 58,
"methazolamide ................... 55, 104",
methenamine hippurate ............. 10,
methimazole ............................... 85,
METHITEST..................................77,
methocarbamol ........................ 111,
methotrexate ..............................87,
"methotrexate sodium ........... 87, 98",
"methotrexate sodium (pf) .....87, 98",
methoxsalen ............................... 98,
methoxsalen rapid ...................... 63,
methscopolamine bromide .........68,
methyclothiazide ........................ 98,
methyldopa .................................51,
methyldopa-,
hydrochlorothiazide ....................54,
methylphenidate hcl ................... 59,
"methylphenidate hcl er ......... 59, 98",
methylphenidate hcl er (cd) ........59,
methylphenidate hcl er (la) .........59,
"methylprednisolone ........ 26, 75, 91",
methyltestosterone .....................77,
metipranolol ............................... 98,
"metoclopramide hcl .............. 22, 68",
metolazone ................................. 56,
metoprolol succinate er .............. 53,
"metoprolol tartrate ...............53, 98",
metoprolol-hctz er ...................... 98,
metoprolol-hydrochlorothiazide . 54,
metronidazole .............................10,
metronidazole in nacl ................. 10,
mexiletine hcl ..............................52,
mibelas 24 fe ...............................81,
miconazole 3 ...............................24,
microgestin 1.5/30 ......................81,
microgestin 1/20 .........................81,
microgestin fe 1.5/30 ..................81,
microgestin fe 1/20 .....................81,
midodrine hcl .............................. 51,
MIGERGOT..................................27,
miglitol ........................................47,
miglustat .....................................71,
mili .............................................. 81,
"MILLIPRED.......................26, 75, 91",
nilutamide ...................................29,
nimodipine .................................. 54,
NINLARO..................................... 30,
nisoldipine er .............................. 54,
nitisinone .................................... 99,
NITRO-BID...................................58,
NITRO-DUR................................. 58,
nitrofurantoin monohyd macro .. 10,
nitroglycerin ................................58,
NITYR.......................................... 71,
NIVESTYM................................... 50,
nizatidine .................................... 69,
nora-be ....................................... 81,
NORDITROPIN FLEXPRO..............76,
norethin ace-eth estrad-fe ..........81,
norethindrone .............................84,
norethindrone acetate ................84,
norethindrone acet-ethinyl est,
".............................................. 82, 99",
norethindrone-eth estradiol ....... 82,
norethin-eth estradiol-fe ............ 82,
norgestimate-eth estradiol .........82,
norgestim-eth estrad triphasic ... 82,
norlyroc .......................................82,
normosol-m in d5w .....................67,
normosol-r in d5w .......................67,
NORMOSOL-R PH 7.4..................65,
NORPACE CR............................... 52,
NORTHERA..................................51,
nortrel 0.5/35 (28) ...................... 82,
nortrel 1/35 (21) ......................... 82,
nortrel 1/35 (28) ......................... 82,
nortrel 7/7/7 ............................... 82,
nortriptyline hcl .......................... 22,
"NORVIR................................. 43, 99",
NOXAFIL......................................24,
NUBEQA......................................29,
NUCALA.................................... 111,
NUCYNTA...................................... 7,
NUCYNTA ER................................. 6,
NUEDEXTA.................................. 59,
"NUPLAZID..............................38, 99",
nutrilipid ..................................... 67,
NUTROPIN AQ NUSPIN 10.......... 76,
NUTROPIN AQ NUSPIN 20.......... 76,
NUTROPIN AQ NUSPIN 5............ 76,
NUVARING.................................. 82,
NUVESSA.....................................99,
nyamyc ....................................... 24,
pentoxifylline er .......................... 55,
PERFOROMIST.......................... 108,
perindopril erbumine .................. 52,
periogard .................................... 99,
permethrin ..................................35,
"perphenazine ........................ 22, 37",
"perphenazine-amitriptyline .. 19, 20",
"PERSERIS............................... 38, 45",
"PERTZYE................................ 71, 99",
"PEXEVA................................. 21, 44",
phenadoz .................................... 22,
phenelzine sulfate .......................20,
phenobarbital ............................. 17,
phenytoin ....................................18,
phenytoin sodium extended ....... 18,
PHOSLYRA...................................73,
PHOSPHOLINE IODIDE.............. 104,
phrenilin forte ............................... 3,
physiolyte ....................................99,
physiosol irrigation ..................... 99,
PICATO........................................63,
PIFELTRO.....................................41,
"pilocarpine hcl .....................61, 104",
"pimecrolimus ........................ 63, 87",
pimozide ..................................... 37,
pimtrea ....................................... 82,
pindolol ....................................... 53,
pioglitazone hcl ...........................47,
piperacillin sod-tazobactam so ...13,
PIQRAY (200 MG DAILY DOSE)....31,
PIQRAY (250 MG DAILY DOSE)....31,
PIQRAY (300 MG DAILY DOSE)....31,
pirmella 1/35 .............................. 82,
"piroxicam ................................ 5, 27",
PLASMA-LYTE 148.......................65,
PLASMA-LYTE A.......................... 65,
PLEGRIDY.................................... 60,
PLEGRIDY STARTER PACK............60,
"PLENAMINE...........................66, 67",
podofilox ..................................... 63,
polymyxin b sulfate .....................10,
polymyxin b-trimethoprim ........103,
POMALYST.................................. 30,
portia-28 ..................................... 82,
posaconazole .............................. 99,
potassium chloride ......................65,
potassium chloride crys er .......... 65,
potassium chloride er ................. 65,
potassium chloride in dextrose ... 67,
rajani .........................................100,
raloxifene hcl .............................. 84,
ramelteon ................................. 112,
ramipril ....................................... 52,
ranitidine hcl ...............................69,
ranolazine er ...............................55,
rasagiline mesylate .....................36,
RASUVO...................................... 88,
RAVICTI....................................... 71,
RAYALDEE................................... 92,
"REBETOL................................39, 40",
REBIF...........................................61,
REBIF REBIDOSE..........................60,
REBIF REBIDOSE TITRATION,
PACK........................................... 61,
REBIF TITRATION PACK............... 61,
reclipsen ......................................82,
RECOMBIVAX HB........................ 90,
RECTIV.........................................58,
REGRANEX.................................. 63,
RELENZA DISKHALER...................43,
reli-on insulin syringe ..................49,
"RELISTOR...............................68, 69",
RENACIDIN................................100,
repaglinide ..................................47,
repaglinide-metformin hcl .......... 48,
REPATHA.....................................57,
REPATHA PUSHTRONEX,
SYSTEM....................................... 57,
REPATHA SURECLICK.................. 57,
"RESCRIPTOR........................ 41, 100",
RESCULA................................... 100,
RESTASIS................................... 103,
RESTASIS MULTIDOSE...............100,
RETACRIT.................................... 50,
REVCOVI....................................100,
REVLIMID.................................... 30,
REXULTI.......................................38,
REYATAZ..................................... 43,
RHOPRESSA...............................105,
"RIBASPHERE.................. 39, 40, 100",
"RIBASPHERE RIBAPAK......... 40, 100",
"ribavirin .........................39, 40, 100",
RIDAURA..................................... 89,
rifabutin ...................................... 29,
RIFAMATE................................... 29,
rifampin ...................................... 29,
RIFATER.......................................29,
riluzole ........................................ 59,
STIMATE......................................76,
STIOLTO RESPIMAT...................110,
STIVARGA....................................33,
streptomycin sulfate ..................... 9,
STRIANT...................................... 77,
STRIBILD......................................41,
STRIVERDI RESPIMAT................109,
"SUBSYS..................................7, 101",
SUCRAID......................................71,
sucralfate ....................................70,
"sulfacetamide sodium .15, 101, 103",
sulfacetamide sodium (acne) ......15,
"sulfacetamide-prednisolone26, 103",
sulfadiazine .................................15,
sulfamethoxazole-trimethoprim,
"............................................ 15, 101",
SULFAMYLON..............................11,
sulfasalazine ............................... 91,
"sulindac ...................................5, 27",
sumatriptan ................................ 28,
sumatriptan succinate ................ 28,
sumatriptan succinate refill ........ 28,
SUNOSI......................................112,
SUPRAX....................................... 12,
SUPREP BOWEL PREP KIT............65,
SUSTIVA...................................... 41,
SUTENT....................................... 33,
syeda ...........................................82,
"SYLATRON............................. 30, 40",
SYMBICORT...............................111,
SYMDEKO..................................109,
SYMFI..........................................42,
SYMFI LO.....................................42,
SYMJEPI.................................... 109,
SYMLINPEN 120.......................... 47,
SYMLINPEN 60............................ 47,
SYMPAZAN..................................17,
SYMPROIC...................................69,
SYMTUZA.................................... 41,
SYNAREL......................................85,
SYNDROS.....................................23,
SYNERCID..................................101,
SYNJARDY................................... 47,
SYNJARDY XR.............................. 47,
SYNRIBO......................................31,
SYNTHROID................................. 84,
tabloid .........................................30,
TACLONEX...................................64,
"tacrolimus ............................. 64, 88",
"TRELEGY ELLIPTA.......107, 109, 111",
TRELSTAR MIXJECT..................... 85,
TREMFYA.................................... 64,
"tretinoin ................................ 34, 64",
tretinoin microsphere ................. 64,
TREXALL...................................... 88,
"triamcinolone acetonide . 26, 61, 75",
triamterene-hctz .........................55,
triazolam .....................................44,
trientine hcl .................................66,
tri-estarylla ................................. 83,
trifluoperazine hcl .......................37,
trifluridine ................................... 40,
"trihexyphenidyl hcl ..............35, 101",
tri-legest fe ................................. 83,
tri-lo-estarylla ............................. 83,
tri-lo-sprintec .............................. 83,
trilyte .......................................... 70,
trimethobenzamide hcl ...............23,
trimethoprim .............................. 11,
tri-mili ......................................... 83,
trimipramine maleate .................22,
trinessa (28) ..............................101,
TRINTELLIX.................................. 21,
tri-previfem .................................83,
tri-sprintec .................................. 83,
TRIUMEQ.................................... 42,
trivora (28) ..................................83,
tri-vylibra .................................... 83,
tri-vylibra lo ................................ 83,
TROKENDI XR.............................. 18,
TROPHAMINE............................. 67,
trospium chloride ........................72,
trospium chloride er ....................72,
TRULICITY....................................47,
TRUMENBA.................................90,
TRUVADA.................................... 42,
TUDORZA PRESSAIR..................108,
TURALIO......................................33,
"TWINRIX..............................90, 101",
TYBOST....................................... 42,
TYDEMY...................................... 83,
TYKERB........................................33,
TYMLOS.......................................92,
TYPHIM VI................................... 90,
"UCERIS.................................. 68, 69",
UDENYCA.................................... 71,
unithroid ..................................... 84,
UPTRAVI......................................55,
yuvafem ...................................... 78,
zafirlukast ................................. 107,
zarah ...........................................83,
ZARXIO........................................50,
ZEBUTAL........................................4,
ZEJULA........................................ 30,
ZELAPAR......................................36,
ZELBORAF................................... 34,
ZEMAIRA................................... 110,
zenatane ..................................... 64,
zenchent ................................... 102,
"ZENPEP................................71, 102",
ZENZEDI...................................... 58,
ZERBAXA..................................... 12,
ZERIT......................................... 102,
ZETONNA.................................. 107,
zidovudine ...................................42,
zileuton er ................................. 107,
ZIOPTAN....................................105,
"ziprasidone hcl ...................... 38, 45",
ZIRGAN........................................39,
ZMAX........................................ 102,
"ZOLINZA................................ 25, 32",
zolmitriptan ................................ 28,
zolpidem tartrate ......................112,
ZOMACTON................................ 76,
ZOMIG.........................................28,
zonisamide ..................................16,
ZONTIVITY...................................51,
"ZORBTIVE.............................. 69, 77",
ZORTRESS....................................88,
ZOSTAVAX...................................90,
zovia 1/35e (28) ..........................83,
"ZUBSOLV............................... 8, 102",
ZUPLENZ..................................... 23,
ZURAMPIC................................ 102,
ZYDELIG.......................................32,
ZYFLO........................................ 108,
ZYKADIA...................................... 34,
"ZYPREXA RELPREVV.............. 38, 45",
ZYTIGA........................................ 29,
alcohol wipes .............................. 92,
ALDACTAZIDE..............................54,
ALECENSA................................... 32,
alendronate sodium ....................91,
alfuzosin hcl er ............................ 72,
ALINIA......................................... 34,
aliskiren fumarate .......................55,
allopurinol ...................................25,
almotriptan malate .................... 28,
ALOCRIL.................................... 103,
alosetron hcl ............................... 69,
ALPHAGAN P.............................103,
alprazolam ..................................44,
alprazolam er ..............................44,
ALREX........................................104,
ALTABAX..................................... 92,
altavera .......................................78,
ALUNBRIG................................... 32,
alyacen 1/35 ............................... 78,
alyq ........................................... 110,
amabelz ...................................... 78,
"amantadine hcl ..................... 35, 43",
AMBISOME................................. 23,
ambrisentan ..............................110,
amcinonide ................................. 73,
amethia .......................................79,
amethia lo ...................................79,
amikacin sulfate ............................9,
amiloride hcl ............................... 56,
amiloride-hydrochlorothiazide ... 54,
AMINOSYN..................................92,
"AMINOSYN II .........................66, 92",
AMINOSYN II/ELECTROLYTES......92,
AMINOSYN M............................. 92,
AMINOSYN/ELECTROLYTES.........93,
AMINOSYN-HBC..........................93,
AMINOSYN-PF.............................66,
AMINOSYN-RF.............................93,
amiodarone hcl ...........................52,
AMITIZA...................................... 69,
amitriptyline hcl ..........................21,
amlodipine besy-benazepril hcl .. 54,
amlodipine besylate ....................53,
amlodipine besylate-valsartan ... 54,
amlodipine-olmesartan .............. 54,
amlodipine-valsartan-hctz ..........54,
ammonium lactate ..................... 62,
amnesteem ................................. 62,
balziva .........................................79,
BANZEL....................................... 18,
BARACLUDE................................ 39,
BCG VACCINE.............................. 89,
BECONASE AQ...........................107,
bekyree ....................................... 93,
BELSOMRA................................112,
benazepril hcl ..............................51,
benazepril-hydrochlorothiazide .. 54,
BENLYSTA....................................86,
benznidazole ...............................34,
benzonatate ................................93,
benztropine mesylate ................. 35,
BEPREVE................................... 103,
BERINERT.................................... 85,
betamethasone dipropionate,
"........................................ 25, 62, 73",
betamethasone dipropionate,
"aug ........................................25, 73",
"betamethasone valerate .......25, 73",
"betaxolol hcl ........................52, 104",
bethanechol chloride .................. 72,
BETHKIS.........................................9,
BETIMOL................................... 104,
BETOPTIC-S............................... 104,
BEVYXXA..................................... 49,
bexarotene ..................................34,
BEXSERO..................................... 89,
bicalutamide ............................... 29,
BICILLIN C-R................................ 13,
BICILLIN C-R 900/300..................13,
BICILLIN L-A.................................13,
BIDIL............................................57,
BIKTARVY.................................... 41,
"bimatoprost ...................... 104, 105",
BINOSTO..................................... 91,
bisoprolol fumarate .................... 52,
bisoprolol-hydrochlorothiazide ...54,
BIVIGAM..................................... 93,
"BLEPHAMIDE.......................26, 102",
"BLEPHAMIDE S.O.P............. 26, 102",
blisovi 24 fe .................................79,
blisovi fe 1.5/30 .......................... 79,
blisovi fe 1/20 ............................. 93,
BOOSTRIX....................................89,
bosentan ...................................110,
BOSULIF...................................... 32,
"BRAFTOVI..............................32, 93",
BREO ELLIPTA............................108,
cevimeline hcl ............................. 61,
CHANTIX....................................... 8,
CHANTIX CONTINUING MONTH,
PAK................................................8,
CHANTIX STARTING MONTH,
PAK................................................8,
CHEMET...................................... 65,
CHENODAL..................................68,
chlordiazepoxide-amitriptyline,
".............................................. 19, 20",
chlorhexidine gluconate ..............61,
chloroquine phosphate ............... 34,
chlorothiazide ............................. 56,
"chlorpromazine hcl ............... 22, 36",
chlorthalidone .............................56,
chlorzoxazone ........................... 111,
CHOLBAM................................... 68,
"cholestyramine ..................... 57, 94",
"cholestyramine light ............. 57, 94",
ciclopirox .....................................23,
ciclopirox olamine .......................23,
cilostazol ..................................... 51,
CIMDUO......................................41,
cimetidine ................................... 69,
cimetidine hcl ..............................69,
CIMZIA........................................ 86,
CIMZIA PREFILLED.......................86,
CIMZIA STARTER KIT................... 94,
cinacalcet hcl .............................. 92,
CINRYZE...................................... 86,
CIPRO HC.................................. 105,
CIPRODEX..................................105,
"ciprofloxacin ......................... 14, 94",
ciprofloxacin hcl ..........................14,
ciprofloxacin in d5w ....................14,
ciprofloxacin-ciproflox hcl er .......94,
citalopram hydrobromide ...........20,
claravis ........................................62,
CLARINEX.................................. 106,
CLARINEX-D 12 HOUR...............106,
clarithromycin .............................14,
clarithromycin er .........................14,
clemastine fumarate .................106,
CLENPIQ......................................70,
CLEOCIN........................................9,
CLIMARA PRO............................. 79,
clindamycin hcl ............................. 9,
clindamycin palmitate hcl .............9,
clindamycin phos-benzoyl perox .62,
danazol ....................................... 77,
dantrolene sodium ......................39,
"dapsone ................................ 29, 62",
DAPTACEL................................... 89,
daptomycin .................................10,
DARAPRIM.................................. 34,
darifenacin hydrobromide er ...... 71,
DAURISMO..................................32,
daysee .........................................95,
DAYTRANA.................................. 58,
deblitane .....................................79,
deferasirox ..................................65,
DELESTROGEN............................ 77,
DELSTRIGO..................................41,
delyla .......................................... 79,
demeclocycline hcl ...................... 15,
DEMSER...................................... 54,
"DEPEN TITRATABS...........65, 72, 86",
DEPO-ESTRADIOL........................77,
DEPO-PROVERA.......................... 83,
DEPO-SUBQ PROVERA 104......... 83,
DESCOVY.....................................41,
desipramine hcl ...........................21,
desloratadine ............................106,
desmopressin ace spray refrig .... 76,
desmopressin acetate .................76,
desmopressin acetate spray ....... 95,
desogestrel-ethinyl estradiol ...... 79,
desonide ......................................74,
desoximetasone ..........................74,
desvenlafaxine er ........................20,
desvenlafaxine succinate er ........20,
"dexamethasone .........26, 74, 91, 95",
DEXAMETHASONE INTENSOL,
"........................................ 26, 74, 91",
dexamethasone sodium,
phosphate .................................104,
dexmethylphenidate hcl ............. 58,
dexmethylphenidate hcl er ......... 58,
dextroamphetamine sulfate ....... 58,
dextroamphetamine sulfate er ... 58,
dextrose ...................................... 66,
dextrose in lactated ringers ........ 95,
dextrose-nacl .............................. 67,
DIACOMIT................................... 95,
"DIASTAT ACUDIAL................. 16, 44",
"DIASTAT PEDIATRIC.............. 16, 44",
"diazepam ........................ 16, 44, 95",
"diazepam intensol .................16, 44",
enskyce ....................................... 79,
entacapone .................................35,
entecavir ..................................... 39,
ENTRESTO................................... 51,
enulose ........................................70,
ENVARSUS XR............................. 86,
"EPCLUSA................................39, 40",
EPIDIOLEX................................... 17,
epinastine hcl ............................103,
epinephrine ...............................108,
"epitol .....................................18, 45",
EPIVIR HBV..................................39,
eplerenone ..................................56,
EPOGEN...................................... 50,
eprosartan mesylate ...................51,
"EQUETRO.............................. 18, 46",
ERAXIS.........................................24,
ergoloid mesylates ......................18,
ERGOMAR...................................95,
ergotamine-caffeine ................... 27,
ERIVEDGE....................................32,
ERLEADA..................................... 29,
erlotinib hcl ................................. 32,
errin ............................................ 83,
ertapenem sodium ......................12,
ERYTHROCIN LACTOBIONATE..... 14,
ERYTHROCIN STEARATE..............14,
erythromycin ...............................14,
erythromycin base ...................... 14,
erythromycin ethylsuccinate .......14,
"ESBRIET............................. 110, 111",
"escitalopram oxalate ............ 21, 44",
esomeprazole magnesium ..........70,
estarylla ...................................... 80,
estazolam ................................... 59,
estradiol ......................................78,
"estradiol valerate ..................78, 80",
estradiol-norethindrone acet ......80,
ESTRING...................................... 78,
estropipate ................................. 95,
ethacrynic acid ............................56,
ethambutol hcl ............................29,
ethosuximide .............................. 16,
ethynodiol diac-eth estradiol ......80,
etidronate disodium ................... 92,
"etodolac .................................. 4, 26",
EUCRISA...................................... 63,
EURAX.........................................35,
EVAMIST..................................... 78,
gauze pads ..................................96,
gavilyte-c .................................... 70,
gavilyte-g .................................... 70,
gavilyte-h .................................... 96,
gavilyte-n with flavor pack ......... 70,
GELNIQUE................................... 96,
GELNIQUE PUMP........................ 72,
gemfibrozil ..................................56,
generlac ...................................... 70,
"gengraf ................................. 87, 96",
GENOTROPIN..............................76,
GENOTROPIN MINIQUICK...........76,
gentak ...........................................9,
gentamicin in saline ......................9,
gentamicin sulfate ........................ 9,
GENVOYA....................................41,
"GEODON............................... 37, 45",
gianvi .......................................... 80,
GIAZO..........................................96,
GILENYA...................................... 60,
GILOTRIF..................................... 32,
GLASSIA.................................... 110,
glatiramer acetate ......................60,
GLATOPA.....................................60,
"GLEOSTINE............................ 30, 96",
glimepiride ..................................46,
glipizide .......................................46,
glipizide er ...................................46,
glipizide-metformin hcl ...............47,
GLOBAL ALCOHOL PREP EASE.....10,
GLUCAGEN HYPOKIT...................48,
glucagon emergency ...................48,
glycopyrrolate .............................68,
GLYXAMBI...................................46,
GOCOVRI.....................................36,
GOLYTELY....................................70,
GRALISE.......................................17,
GRALISE STARTER....................... 17,
granisetron hcl ............................23,
GRANIX....................................... 50,
griseofulvin microsize ................. 24,
griseofulvin ultramicrosize ..........24,
guanfacine hcl .............................51,
guanfacine hcl er ........................ 58,
guanidine hcl .............................. 28,
GYNAZOLE-1............................... 24,
HAEGARDA..................................86,
hailey 24 fe ................................. 80,
halobetasol propionate .............. 75,
IPOL.............................................89,
ipratropium bromide ................ 108,
ipratropium-albuterol ...............111,
irbesartan ................................... 51,
irbesartan-hydrochlorothiazide,
".............................................. 54, 56",
IRESSA.........................................33,
ISENTRESS...................................41,
ISENTRESS HD............................. 41,
isibloom ...................................... 80,
ISOLYTE-P IN D5W...................... 67,
ISOLYTE-S.................................... 64,
isoniazid ......................................29,
ISORDIL TITRADOSE.................... 57,
isosorbide dinitrate .....................57,
isosorbide dinitrate er .................57,
isosorbide mononitrate ...............58,
isosorbide mononitrate er .......... 57,
isotretinoin ..................................63,
isradipine .................................... 53,
itraconazole ................................ 24,
ivermectin ................................... 34,
IXIARO.........................................89,
JADENU.......................................65,
JADENU SPRINKLE.......................65,
JAKAFI......................................... 33,
jantoven ......................................49,
JARDIANCE..................................47,
jasmiel .........................................80,
JENTADUETO.............................. 47,
JENTADUETO XR......................... 47,
JINTELI.........................................80,
jolessa ......................................... 97,
jolivette .......................................97,
JUBLIA......................................... 24,
juleber .........................................80,
JULUCA....................................... 42,
junel 1.5/30 .................................80,
junel 1/20 ....................................80,
junel fe 1.5/30 .............................80,
junel fe 1/20 ................................80,
junel fe 24 ................................... 80,
JUXTAPID.................................... 57,
JYNARQUE...................................72,
KADIAN......................................... 5,
kaitlib fe ...................................... 80,
KALETRA......................................43,
KALYDECO.................................109,
kariva .......................................... 80,
levothyroxine sodium ..................84,
levoxyl .........................................84,
LEXIVA.........................................43,
lidocaine ....................................... 7,
"lidocaine hcl ............................ 7, 97",
lidocaine hcl (pf) ......................... 97,
lidocaine hcl urethral/mucosal ..... 7,
lidocaine viscous ......................... 97,
lidocaine viscous hcl ......................7,
lidocaine-prilocaine ...................... 7,
lindane ........................................ 35,
linezolid .......................................10,
LINZESS....................................... 69,
liothyronine sodium .................... 84,
lisinopril ...................................... 52,
lisinopril-hydrochlorothiazide ..... 54,
lithium .........................................46,
lithium carbonate ....................... 46,
lithium carbonate er ................... 46,
LIVALO........................................ 56,
LO LOESTRIN FE.......................... 81,
LOKELMA.................................... 66,
LONSURF.....................................30,
loperamide hcl ............................ 68,
lopinavir-ritonavir .......................43,
"lopreeza ................................ 81, 97",
"lorazepam ............................. 17, 44",
lorazepam intensol ..................... 97,
LORBRENA.................................. 33,
lorcet .............................................3,
lorcet hd ........................................3,
lorcet plus ..................................... 3,
loryna ..........................................81,
losartan potassium ..................... 51,
losartan potassium-hctz ............. 54,
LOTEMAX.................................. 105,
LOTEMAX SM............................105,
loteprednol etabonate ..............105,
lovastatin .................................... 56,
low-ogestrel ................................81,
loxapine succinate ...................... 36,
LUCEMYRA....................................8,
LUMIGAN..................................105,
LUPANETA PACK......................... 85,
LUPRON DEPOT (1-MONTH).......85,
LUPRON DEPOT (3-MONTH).......85,
LUPRON DEPOT (4-MONTH).......85,
LUPRON DEPOT (6-MONTH).......85,
,
mimvey ....................................... 81,
mimvey lo ................................... 81,
MINITRAN................................... 58,
"minocycline hcl ......................15, 61",
"minocycline hcl er ................. 15, 61",
minoxidil ..................................... 57,
mirtazapine .................................20,
MIRVASO.................................... 63,
"misoprostol ........................... 70, 77",
M-M-R II ......................................89,
modafinil ...................................112,
MODERIBA..................................98,
MODERIBA 1200 DOSE PACK......98,
MODERIBA 800 DOSE PACK........98,
moexipril hcl ............................... 52,
moexipril-hydrochlorothiazide ....98,
molindone hcl ............................. 37,
mometasone furoate .................. 75,
"mondoxyne nl ..................15, 61, 63",
mono-linyah ................................98,
mononessa ..................................98,
montelukast sodium ................. 107,
MONUROL.................................. 10,
MORPHABOND ER........................ 6,
"morphine sulfate .................6, 7, 98",
"morphine sulfate (concentrate) 6, 7",
morphine sulfate (pf) .................. 98,
morphine sulfate er ...................... 6,
morphine sulfate er beads ............ 6,
MOVANTIK..................................68,
MOVIPREP.................................. 70,
"moxifloxacin hcl .................... 15, 98",
moxifloxacin hcl in nacl ...............15,
MULPLETA.................................. 50,
MULTAQ..................................... 52,
MULTIGEN PLUS......................... 98,
mupirocin ....................................10,
mupirocin calcium .......................10,
MYALEPT.....................................76,
MYCAMINE................................. 24,
mycophenolate mofetil ...............87,
mycophenolate sodium .............. 87,
myorisan ..................................... 63,
MYRBETRIQ.................................72,
MYTESI........................................68,
"nabumetone ............................4, 27",
nadolol ........................................53,
"nadolol-bendroflumethiazide54, 98",
nafcillin sodium ...........................13,
NYMALIZE................................... 54,
"nystatin ................................. 24, 25",
nystatin-triamcinolone ............... 63,
nystop ......................................... 25,
OCALIVA......................................68,
ocella .......................................... 82,
"OCTAGAM.............................88, 99",
octreotide acetate ...................... 85,
ODEFSEY..................................... 42,
ODOMZO.................................... 33,
"OFEV........................... 33, 110, 111",
ofloxacin ..................................... 15,
OGESTREL................................... 82,
"olanzapine ............................ 38, 45",
olanzapine-fluoxetine hcl ............19,
olmesartan medoxomil ...............51,
"olmesartan medoxomil-hctz . 51, 54",
olmesartan-amlodipine-hctz .......54,
"olopatadine hcl ................. 103, 106",
OMECLAMOX-PAK...................... 68,
omega-3-acid ethyl esters .......... 57,
OMEGAVEN................................ 99,
omeprazole ................................. 70,
OMNARIS.................................. 107,
OMNIPOD DASH 5 PACK.............99,
OMNITROPE................................76,
ondansetron ................................23,
ondansetron hcl .......................... 23,
OPANA ER................................... 99,
OPSUMIT...................................110,
ORALAIR....................................110,
ORAVIG....................................... 25,
ORBACTIV................................... 99,
ORENITRAM..............................110,
ORFADIN..................................... 71,
ORILISSA......................................76,
ORKAMBI.................................. 109,
orphenadrine citrate er .............111,
orsythia .......................................82,
oseltamivir phosphate ................ 43,
OSMOLEX ER...............................35,
OSMOPREP................................. 65,
OTEZLA........................................87,
OTOVEL.....................................105,
OTREXUP.....................................87,
oxacillin sodium .......................... 13,
oxandrolone ................................77,
oxazepam ................................... 44,
oxcarbazepine .............................18,
potassium chloride in nacl .......... 65,
potassium citrate er ....................72,
PRADAXA.................................... 49,
PRALUENT...................................57,
pramipexole dihydrochloride ...... 36,
pramipexole dihydrochloride er ..36,
prasugrel hcl ............................... 51,
pravastatin sodium .....................56,
praziquantel ................................34,
"prazosin hcl ........................... 51, 72",
"PRED MILD.......................... 26, 105",
PRED-G......................................103,
PRED-G S.O.P............................ 103,
"prednicarbate ....................... 63, 75",
"prednisolone ................... 26, 75, 91",
"prednisolone acetate .... 26, 91, 105",
prednisolone sodium phosphate,
"...........................26, 75, 91, 99, 105",
"prednisone ...................... 26, 75, 91",
"prednisone intensol .........26, 75, 91",
preferred plus insulin syringe ......49,
PREFEST...................................... 82,
"pregabalin .............................16, 59",
PREMARIN.................................. 78,
PREMASOL.................................. 67,
PREMPHASE................................82,
PREMPRO....................................82,
PRENATAL................................... 67,
PREPOPIK.................................... 70,
"prevalite ................................57, 99",
previfem ......................................82,
PREVYMIS................................... 39,
PREZCOBIX.................................. 43,
PREZISTA.....................................43,
PRIFTIN....................................... 29,
primaquine phosphate ................35,
primidone ....................................17,
PRIMSOL..................................... 99,
"PRIVIGEN...............................88, 99",
PROAIR HFA.............................. 108,
PROAIR RESPICLICK...................108,
probenecid .................................. 25,
PROCALAMINE............................67,
prochlorperazine .........................22,
"prochlorperazine maleate .....22, 37",
PROCRIT......................................50,
procto-med hc .............................91,
procto-pak .................................. 75,
proctosol hc ................................ 91,
rimantadine hcl ...........................43,
ringers .......................................100,
ringers irrigation .......................100,
RIOMET.......................................47,
risedronate sodium .....................92,
"RISPERDAL CONSTA.............. 38, 45",
"risperidone ............................ 38, 45",
ritonavir ...................................... 43,
rivastigmine ................................ 19,
rivastigmine tartrate .................. 19,
rivelsa ......................................... 82,
rizatriptan benzoate ................... 28,
ROCKLATAN.............................. 104,
ropinirole hcl ...............................36,
ropinirole hcl er ...........................36,
rosuvastatin calcium ...................56,
ROTARIX......................................90,
ROTATEQ.................................... 90,
roweepra .................................... 16,
roweepra xr ................................ 16,
ROZLYTREK................................100,
RUBRACA.................................... 30,
RUCONEST.................................. 86,
RUZURGI..................................... 71,
RYBELSUS..................................100,
RYDAPT....................................... 33,
SAIZEN........................................ 76,
SAIZEN CLICK.EASY....................100,
SAMSCA...................................... 66,
SANCUSO.................................... 23,
SANDIMMUNE............................ 88,
SANTYL........................................64,
"SAPHRIS................................ 38, 45",
SAVELLA...................................... 59,
SAVELLA TITRATION PACK.......... 59,
"scopolamine ..........................23, 68",
SECONAL...................................100,
SEEBRI NEOHALER.................... 108,
selegiline hcl ............................... 36,
selenium sulfide .......................... 64,
SELZENTRY.................................. 42,
SEMPREX-D...............................106,
SEREVENT DISKUS.....................109,
SEROSTIM................................... 76,
"sertraline hcl ......................... 21, 44",
setlakin ....................................... 82,
sevelamer carbonate .................. 73,
sevelamer hcl .............................. 73,
sf 5000 plus ...............................100,
tadalafil 20 mg oral tablet (pah),
.................................................. 110,
TAFINLAR.................................... 33,
TAGRISSO....................................33,
TAKHZYRO...................................86,
TALZENNA...................................30,
tamoxifen citrate ........................ 30,
tamsulosin hcl .............................72,
TANZEUM................................. 101,
TARGRETIN................................. 34,
tarina 24 fe ................................. 83,
tarina fe 1/20 ..............................83,
TASIGNA..................................... 33,
TAVALISSE...................................50,
tazarotene .................................. 64,
tazicef ......................................... 12,
TAZORAC.....................................64,
taztia xt .......................................54,
TDVAX.........................................90,
TECFIDERA.................................. 61,
TEFLARO..................................... 12,
TEGSEDI...................................... 76,
TEKTURNA HCT........................... 55,
telmisartan ................................. 51,
telmisartan-hctz ..........................55,
temazepam ...............................112,
TENCON........................................ 3,
TENIVAC......................................90,
tenofovir disoproxil fumarate,
".............................................. 39, 42",
"terazosin hcl ..........................51, 72",
terbinafine hcl .............................25,
terbutaline sulfate .................... 109,
terconazole ................................. 25,
testosterone ................................77,
testosterone cypionate ............... 77,
testosterone enanthate .............. 77,
TETANUS-DIPHTHERIA TOXOIDS,
TD..............................................101,
tetrabenazine ..............................59,
tetracycline hcl ............................15,
THALOMID.................................. 30,
THEO-24....................................109,
theophylline .............................. 109,
"theophylline er .................. 101, 109",
thioridazine hcl ........................... 37,
thiothixene ..................................37,
"THYROLAR-1........................84, 101",
"THYROLAR-1/2.................... 84, 101",
ursodiol ....................................... 69,
UTIBRON NEOHALER................ 110,
VABOMERE................................. 12,
valacyclovir hcl ............................40,
"VALCHLOR.............................29, 64",
valganciclovir hcl ........................ 39,
valproate sodium ......................102,
"valproic acid ....................17, 28, 46",
valsartan .....................................51,
valsartan-hydrochlorothiazide ....55,
VANATOL LQ................................. 4,
"vancomycin hcl ................... 11, 102",
vancomycin hcl in dextrose .......102,
vandazole ....................................11,
VAQTA........................................ 90,
VARIVAX......................................90,
VARIZIG.......................................90,
VARUBI....................................... 23,
VASCEPA..................................... 57,
VECAMYL.................................... 59,
velivet ......................................... 83,
"VELPHORO............................ 66, 73",
VELTASSA....................................66,
VELTIN.......................................102,
VEMLIDY..................................... 39,
VENCLEXTA................................. 30,
VENCLEXTA STARTING PACK.......30,
"venlafaxine hcl ...................... 21, 44",
"venlafaxine hcl er ..................21, 44",
VENTAVIS..................................110,
VENTOLIN HFA..........................109,
verapamil hcl .............................. 54,
verapamil hcl er .......................... 54,
VERSACLOZ................................. 39,
VERZENIO....................................32,
vestura ......................................102,
V-GO 20.................................... 102,
V-GO 30.................................... 102,
V-GO 40.................................... 102,
VIBERZI........................................69,
"VIBRAMYCIN......................... 15, 61",
VICTOZA......................................47,
"VIDEX.................................. 42, 102",
VIDEX EC..................................... 42,
vienva ......................................... 83,
vigabatrin ................................... 17,
vigadrone ....................................17,
VIIBRYD....................................... 21,
VIIBRYD STARTER PACK.............. 21,
amoxapine .................................. 21,
amoxicill-clarithro-lansopraz ...... 68,
"amoxicillin .............................12, 13",
amoxicillin-pot clavulanate .........13,
amoxicillin-pot clavulanate er .... 13,
amphetamine-dextroamphet er . 58,
amphetamine-,
dextroamphetamine ................... 58,
"amphotericin b ......................23, 93",
ampicillin .................................... 13,
ampicillin sodium ........................13,
"ampicillin-sulbactam sodium 13, 93",
ANADROL-50...............................77,
anagrelide hcl ............................. 49,
anastrozole ................................. 31,
ANDRODERM..............................77,
ANGELIQ..................................... 79,
ANNOVERA................................. 93,
ANORO ELLIPTA........................ 110,
ANZEMET.................................... 93,
APEXICON E................................ 62,
APOKYN...................................... 35,
apraclonidine hcl ...................... 103,
aprepitant ...................................23,
apri ..............................................79,
APRISO........................................ 90,
APTENSIO XR...............................58,
APTIOM.......................................18,
APTIVUS...................................... 42,
"ARALAST NP........................ 93, 110",
aranelle .......................................79,
ARANESP (ALBUMIN FREE)......... 50,
ARCALYST....................................89,
ARCAPTA NEOHALER................ 108,
ARIKAYCE...................................... 9,
"aripiprazole ..................... 19, 20, 37",
ARISTADA....................................37,
ARISTADA INITIO.........................37,
armodafinil ............................... 112,
ARMONAIR RESPICLICK 113........93,
ARMONAIR RESPICLICK 232........93,
ARMONAIR RESPICLICK 55..........93,
ARNUITY ELLIPTA...................... 106,
ascomp-codeine ............................3,
ashlyna ........................................79,
ASMANEX (120 METERED,
DOSES)...................................... 106,
,
briellyn ........................................ 79,
BRILINTA..................................... 50,
brimonidine tartrate ................. 104,
"BRIVIACT............................... 15, 16",
bromfenac sodium (once-daily) 104,
"bromocriptine mesylate ........35, 85",
BROMSITE.................................104,
BROVANA..................................108,
BRYHALI...................................... 62,
"budesonide ..............69, 79, 91, 107",
"budesonide er ................. 69, 79, 91",
bumetanide .................................56,
"buprenorphine .......................... 5, 8",
"buprenorphine hcl .....................5, 8",
buprenorphine hcl-naloxone hcl ... 8,
bupropion hcl ..............................20,
bupropion hcl er (smoking det) .....8,
bupropion hcl er (sr) ....................20,
bupropion hcl er (xl) ....................20,
buspirone hcl ...............................43,
butalbital-acetaminophen ............ 3,
butalbital-apap-caff-cod ...............3,
butalbital-apap-caffeine ...............3,
butalbital-asa-caff-codeine .......... 3,
butalbital-aspirin-caffeine ............ 3,
butorphanol tartrate .................... 6,
"BUTRANS...................................5, 8",
"BYDUREON............................46, 93",
BYDUREON BCISE........................46,
BYETTA 10 MCG PEN.................. 46,
BYETTA 5 MCG PEN.................... 46,
BYSTOLIC.....................................52,
BYVALSON...................................93,
cabergoline ................................. 85,
CABLIVI....................................... 50,
CABOMETYX............................... 32,
calcipotriene ............................... 62,
calcipotriene-betameth diprop ... 62,
calcitonin (salmon) ..................... 91,
"calcitriol ................................ 62, 92",
calcium acetate (phos binder) .... 73,
CALQUENCE................................ 32,
CAMBIA.........................................4,
camila ......................................... 83,
camrese ...................................... 93,
camrese lo ...................................79,
candesartan cilexetil ...................51,
CAPEX......................................... 73,
CAPRELSA....................................32,
"clindamycin phosphate ..... 9, 10, 94",
clindamycin phosphate in d5w ... 10,
CLINIMIX E/DEXTROSE,
(2.75/10).....................................94,
CLINIMIX E/DEXTROSE (2.75/5).. 66,
CLINIMIX E/DEXTROSE,
(4.25/10).....................................66,
CLINIMIX E/DEXTROSE,
(4.25/25).....................................94,
CLINIMIX E/DEXTROSE (4.25/5).. 66,
CLINIMIX E/DEXTROSE (5/15)..... 66,
CLINIMIX E/DEXTROSE (5/20)..... 66,
CLINIMIX E/DEXTROSE (5/25)..... 94,
CLINIMIX/DEXTROSE (2.75/5).....94,
CLINIMIX/DEXTROSE (4.25/10)...66,
CLINIMIX/DEXTROSE (4.25/20)...94,
CLINIMIX/DEXTROSE (4.25/25)...66,
CLINIMIX/DEXTROSE (4.25/5).....66,
CLINIMIX/DEXTROSE (5/15)........66,
CLINIMIX/DEXTROSE (5/20)........66,
CLINIMIX/DEXTROSE (5/25)........66,
CLINISOL SF.................................66,
clobazam .................................... 16,
clobetasol prop emollient base ...73,
"clobetasol propionate ..... 62, 73, 74",
clobetasol propionate e .............. 94,
clodan ......................................... 74,
CLODERM....................................94,
clomipramine hcl ........................ 21,
"clonazepam ...........................16, 44",
clonidine ..................................... 51,
"clonidine hcl .......................... 51, 94",
clonidine hcl er ............................58,
"clopidogrel bisulfate ............. 51, 94",
"clorazepate dipotassium .......16, 44",
"clotrimazole .......................... 23, 24",
clotrimazole-betamethasone ......62,
clozapine .....................................38,
COARTEM................................... 34,
"codeine sulfate ........................6, 94",
colchicine .................................... 25,
colchicine-probenecid ................. 25,
"colesevelam hcl .....................46, 57",
"colestipol hcl ......................... 57, 94",
"colistimethate sodium (cba) ... 9, 10",
colocort .......................................91,
COLY-MYCIN S...........................105,
COMBIGAN............................... 104,
COMBIPATCH..............................79,
diclofenac epolamine ....................4,
"diclofenac potassium .............. 4, 26",
"diclofenac sodium ..... 4, 26, 62, 104",
"diclofenac sodium er ...............4, 26",
dicloxacillin sodium .....................13,
dicyclomine hcl ........................... 68,
didanosine .................................. 42,
DIFICID........................................ 14,
diflorasone diacetate ..................74,
"diflunisal ................................. 4, 26",
digitek ......................................... 55,
digox ........................................... 55,
digoxin ........................................ 55,
dihydroergotamine mesylate ......27,
DILANTIN.................................... 18,
diltiazem hcl ................................53,
diltiazem hcl er ............................53,
"diltiazem hcl er beads ........... 53, 95",
"diltiazem hcl er coated beads53, 95",
dilt-xr .......................................... 53,
DIPENTUM.................................. 90,
diphenhydramine hcl .................. 95,
diphenoxylate-atropine .............. 68,
DIPHTHERIA-TETANUS TOXOIDS,
DT................................................89,
dipyridamole ...............................51,
disopyramide phosphate ............ 52,
disulfiram ......................................8,
DIURIL......................................... 56,
"divalproex sodium ...........17, 27, 45",
"divalproex sodium er .......17, 27, 45",
"DIVIGEL................................. 77, 95",
dofetilide .....................................52,
donepezil hcl ............................... 19,
DOPTELET................................... 50,
doripenem ...................................95,
dorzolamide hcl ........................ 104,
dorzolamide hcl-timolol mal ..... 104,
dorzolamide hcl-timolol mal pf,
"............................................ 95, 104",
DOVATO......................................42,
"doxazosin mesylate ...............51, 72",
"doxepin hcl .............. 22, 43, 62, 112",
"doxercalciferol ...................... 67, 92",
DOXY 100....................................15,
"doxycycline hyclate ... 15, 61, 62, 95",
doxycycline monohydrate,
".................................. 15, 61, 62, 63",
doxylamine-pyridoxine ............... 22,
EVOTAZ....................................... 43,
exel comfort point pen needle .... 48,
exemestane .................................31,
ezetimibe .................................... 57,
ezetimibe-simvastatin .................54,
FABIOR........................................63,
falmina ........................................80,
famciclovir .................................. 40,
famotidine .................................. 69,
FANAPT.......................................37,
FANAPT TITRATION PACK........... 37,
FARYDAK.....................................31,
FASENRA................................... 111,
fayosim ....................................... 80,
febuxostat ...................................25,
felbamate ................................... 17,
felodipine er ................................53,
FEMRING.....................................78,
femynor ...................................... 80,
fenofibrate ..................................56,
fenofibric acid ............................. 56,
"fenoprofen calcium ................. 4, 27",
"fentanyl .....................................5, 7",
"fentanyl citrate ......................... 5, 7",
fentora ........................................ 96,
ferrex 150 forte plus ................... 96,
"FERRIPROX............................ 65, 96",
FETZIMA......................................21,
FETZIMA TITRATION................... 21,
FINACEA......................................63,
finasteride ...................................72,
FIRDAPSE.................................... 60,
FIRMAGON..................................85,
FIRVANQ..................................... 10,
FLAREX...................................... 104,
flavoxate hcl ............................... 72,
"FLEBOGAMMA DIF................88, 96",
flecainide acetate ....................... 52,
FLOVENT DISKUS.......................107,
FLOVENT HFA............................107,
fluconazole ..................................24,
fluconazole in dextrose ............... 96,
fluconazole in sodium chloride ... 24,
flucytosine ...................................24,
fludrocortisone acetate .............. 74,
flunisolide ................................. 107,
fluocinolone acetonide ............... 74,
fluocinolone acetonide body .......96,
fluocinolone acetonide scalp ...... 74,
haloperidol ..................................36,
haloperidol decanoate ................36,
haloperidol lactate ......................36,
HARVONI.....................................40,
HAVRIX........................................89,
HEMANGEOL...............................96,
"heparin sodium (porcine) ......49, 96",
HEPATAMINE.............................. 67,
HETLIOZ.................................... 112,
HEXALEN..................................... 96,
HIBERIX....................................... 89,
"HORIZANT............................. 17, 59",
HUMALOG.................................. 48,
HUMALOG JUNIOR KWIKPEN..... 48,
HUMALOG KWIKPEN.................. 48,
HUMALOG MIX 50/50.................48,
HUMALOG MIX 50/50 KWIKPEN 48,
HUMALOG MIX 75/25.................48,
HUMALOG MIX 75/25 KWIKPEN 48,
HUMATROPE.............................. 76,
HUMIRA...................................... 87,
HUMIRA PEDIATRIC CROHNS,
START..........................................87,
HUMIRA PEN...............................87,
HUMIRA PEN-CD/UC/HS,
STARTER......................................87,
HUMIRA PEN-PS/UV/ADOL HS,
START..........................................87,
HUMULIN 70/30......................... 48,
HUMULIN 70/30 KWIKPEN......... 48,
HUMULIN N................................ 48,
HUMULIN N KWIKPEN................ 48,
HUMULIN R.................................48,
HUMULIN R U-500,
(CONCENTRATED).......................48,
HUMULIN R U-500 KWIKPEN......48,
hydralazine hcl ............................57,
hydrochlorothiazide ....................56,
"hydrocodone-acetaminophen .3, 96",
hydrocodone-ibuprofen ................ 3,
"hydrocortisone ................ 26, 75, 91",
"hydrocortisone butyrate ....... 63, 75",
hydrocortisone valerate ..............75,
hydrocortisone-acetic acid ........105,
"hydromorphone hcl ...................5, 7",
hydromorphone hcl er .................. 5,
hydromorphone hcl pf .................. 5,
hydroxychloroquine sulfate ........ 34,
hydroxyurea ................................30,
kcl in dextrose-nacl ..................... 67,
kcl-lactated ringers-d5w .............67,
kelnor 1/35 ................................. 80,
kelnor 1/50 ................................. 80,
KERYDIN......................................63,
ketoconazole ...............................24,
ketoprofen .................................. 97,
"ketoprofen er .......................... 4, 27",
"ketorolac tromethamine . 4, 27, 105",
KEVEYIS....................................... 55,
"KEVZARA............................... 87, 97",
kimidess ...................................... 97,
KINRIX......................................... 89,
"kionex ....................................66, 97",
KISQALI (200 MG DOSE)..............31,
KISQALI (400 MG DOSE)..............31,
KISQALI (600 MG DOSE)..............31,
KISQALI 200 DOSE.......................97,
KISQALI 400 DOSE.......................97,
KISQALI 600 DOSE.......................97,
KISQALI FEMARA (400 MG,
DOSE)..........................................31,
KISQALI FEMARA (600 MG,
DOSE)..........................................31,
KISQALI FEMARA(200 MG,
DOSE)..........................................31,
"klor-con ........................... 65, 66, 68",
"klor-con 10 ............................ 64, 67",
"klor-con m10 .........................64, 67",
"KLOR-CON M15.....................64, 67",
"klor-con m20 .........................64, 67",
"klor-con sprinkle ..............65, 68, 97",
KORLYM...................................... 48,
KRISTALOSE.................................70,
K-TAB.......................................... 65,
kurvelo ........................................ 80,
KUVAN........................................ 71,
KYNAMRO...................................57,
labetalol hcl ................................ 53,
LACRISERT.................................103,
lactated ringers ...........................97,
lactulose ......................................70,
"lamivudine ............................ 39, 42",
lamivudine-zidovudine ................42,
"lamotrigine ........................... 17, 46",
"lamotrigine er ....................... 17, 46",
"lamotrigine starter kit-blue ...18, 46",
"lamotrigine starter kit-green 18, 46",
,
LUPRON DEPOT-PED (1-,
MONTH)......................................97,
LUPRON DEPOT-PED (3-,
MONTH)......................................98,
lutera .......................................... 81,
"LYNPARZA............................. 30, 98",
"LYRICA CR..............................16, 59",
LYSODREN...................................85,
lyza ..............................................83,
mafenide acetate ........................63,
magnesium sulfate ..................... 65,
malathion ................................... 35,
maprotiline hcl ............................20,
"marlissa ...........................78, 81, 83",
MARPLAN................................... 20,
MATULANE................................. 29,
matzim la ....................................53,
MAVENCLAD (10 TABS)...............60,
MAVENCLAD (4 TABS).................60,
MAVENCLAD (5 TABS).................60,
MAVENCLAD (6 TABS).................60,
MAVENCLAD (7 TABS).................60,
MAVENCLAD (8 TABS).................60,
MAVENCLAD (9 TABS).................60,
MAVYRET.................................... 40,
MAYZENT.................................... 60,
meclizine hcl ............................... 22,
"MEDROL................................26, 75",
medroxyprogesterone acetate,
".............................................. 83, 84",
mefloquine hcl ............................ 34,
megestrol acetate .......................84,
MEKINIST.................................... 33,
MEKTOVI.....................................33,
melodetta 24 fe .......................... 81,
"meloxicam ...............................4, 27",
memantine hcl ............................ 19,
MENACTRA................................. 89,
MENEST...................................... 78,
MENOSTAR................................. 78,
MENTAX......................................24,
MENVEO..................................... 89,
mercaptopurine .......................... 87,
meropenem ................................ 12,
"mesalamine .......................... 69, 90",
mesalamine-cleanser ..................98,
MESNEX...................................... 30,
MESTINON.................................. 28,
"metaproterenol sulfate .......98, 108",
"naftifine hcl ...........................24, 98",
NAFTIN........................................24,
naloxone hcl ..................................8,
naltrexone hcl ............................... 8,
NAMZARIC.................................. 19,
"naproxen .................................4, 27",
"naproxen sodium .................... 4, 27",
naratriptan hcl ............................28,
NARCAN........................................8,
NATACYN.................................... 24,
NATAZIA......................................81,
nateglinide ..................................47,
NATESTO.....................................98,
NATPARA.................................... 92,
NAYZILAM...................................98,
NEBUPENT.................................. 34,
necon 0.5/35 (28) ....................... 81,
necon 1/35 (28) .......................... 98,
necon 7/7/7 ................................ 99,
nefazodone hcl ............................20,
neomycin sulfate ...........................9,
neomycin-bacitracin zn-,
polymyx .....................................102,
neomycin-polymyxin-dexameth103,
neomycin-polymyxin-gramicidin,
.................................................. 103,
"neomycin-polymyxin-hc .... 103, 105",
NEO-SYNALAR.............................63,
NEPHRAMINE..............................67,
NERLYNX..................................... 33,
neuac .......................................... 63,
NEULASTA...................................50,
NEULASTA ONPRO......................99,
NEUPOGEN................................. 50,
NEUPRO...................................... 36,
NEVANAC..................................105,
nevirapine ................................... 41,
nevirapine er ...............................41,
NEXAVAR.................................... 33,
NEXIUM...................................... 70,
niacin er (antihyperlipidemic) ..... 57,
nicardipine hcl .............................53,
NICOTROL..................................... 8,
NICOTROL NS................................ 8,
nifedical xl ...................................99,
nifedipine .................................... 54,
nifedipine er ................................53,
nifedipine er osmotic release ......53,
nikki ............................................ 81,
OXERVATE.................................103,
oxiconazole nitrate ..................... 63,
OXISTAT...................................... 25,
OXTELLAR XR.............................. 18,
oxybutynin chloride .................... 72,
oxybutynin chloride er ................ 72,
oxycodone hcl ............................... 7,
oxycodone hcl er ........................... 6,
"oxycodone-acetaminophen .... 3, 99",
oxycodone-aspirin .........................3,
"oxycodone-ibuprofen .............. 4, 27",
OXYCONTIN.................................. 6,
oxymorphone hcl .......................... 7,
oxymorphone hcl er ...................... 6,
OZEMPIC (0.25 OR 0.5,
MG/DOSE).................................. 47,
OZEMPIC (1 MG/DOSE).............. 47,
pacerone .....................................52,
paliperidone er ............................38,
PALYNZIQ....................................71,
PANCREAZE.................................71,
PANRETIN................................... 34,
pantoprazole sodium .................. 70,
paricalcitol .................................. 92,
paromomycin sulfate ....................9,
"paroxetine hcl ....................... 21, 44",
"paroxetine hcl er ................... 21, 44",
paroxetine mesylate ................... 21,
PASER..........................................29,
"PAXIL.....................................21, 44",
PCE..............................................99,
PEDIARIX..................................... 90,
PEDVAX HIB................................ 90,
peg 3350/electrolytes .................70,
peg 3350-kcl-na bicarb-nacl ....... 70,
peg-3350/electrolytes .................70,
PEGANONE................................. 18,
PEGASYS......................................40,
PEGASYS PROCLICK.....................40,
"penicillamine .........................66, 72",
penicillin g pot in dextrose ..........13,
"penicillin g potassium ........... 13, 99",
penicillin g procaine ....................13,
penicillin g sodium ...................... 13,
penicillin v potassium ..................13,
PENTAM......................................35,
pentamidine isethionate .............99,
PENTASA..................................... 90,
pentazocine-naloxone hcl ............. 3,
"proctozone-hc ....................... 68, 75",
PROCYSBI.................................. 100,
profeno ..................................... 100,
progesterone micronized ............ 84,
PROGLYCEM................................48,
PROGRAF.................................... 87,
PROLASTIN-C............................ 110,
PROLENSA.................................105,
"PROLIA................................ 92, 100",
PROMACTA................................. 50,
"promethazine hcl .......... 22, 23, 106",
promethazine-dm ..................... 100,
promethegan .............................. 23,
propafenone hcl ..........................52,
propafenone hcl er ......................52,
propantheline bromide ............... 68,
proparacaine hcl .......................103,
propranolol hcl ............................53,
propranolol hcl er ....................... 53,
propranolol-hctz ......................... 55,
propylthiouracil ...........................85,
"PROQUAD........................... 90, 100",
PROSOL....................................... 67,
protriptyline hcl .......................... 22,
PULMICORT FLEXHALER........... 107,
"PULMOZYME.....................109, 111",
PURIXAN..................................... 30,
PYLERA........................................68,
pyrazinamide .............................. 29,
"pyridostigmine bromide ........28, 29",
pyridostigmine bromide er ......... 28,
QNASL.......................................107,
QNASL CHILDRENS....................107,
QUADRACEL................................90,
quasense ...................................100,
QUDEXY XR................................. 18,
"quetiapine fumarate ....... 20, 38, 45",
"quetiapine fumarate er ...20, 38, 45",
QUILLICHEW ER.......................... 58,
QUILLIVANT XR........................... 59,
quinapril hcl ................................ 52,
quinapril-hydrochlorothiazide .... 55,
quinidine gluconate er ................ 52,
quinidine sulfate ......................... 52,
quinine sulfate ............................ 35,
QVAR.........................................100,
QVAR REDIHALER......................107,
RABAVERT...................................90,
rabeprazole sodium .................... 70,
SFROWASA................................100,
sharobel ...................................... 82,
"SHINGRIX............................ 90, 100",
SIGNIFOR.................................... 85,
"sildenafil citrate ................ 101, 110",
"SILENOR................................ 22, 44",
SILIQ............................................64,
silodosin ......................................72,
silver sulfadiazine ....................... 15,
SIMBRINZA................................104,
"SIMPONI................................88, 89",
simvastatin ................................. 57,
sirolimus ......................................88,
SIRTURO......................................29,
SIVEXTRO.................................... 11,
SKLICE......................................... 35,
SLYND....................................... 101,
"sodium chloride ...................65, 101",
"sodium fluoride ................... 65, 101",
sodium lactate ............................ 67,
"sodium phenylbutyrate .........71, 72",
sodium polystyrene sulfonate,
"............................................ 66, 101",
solia .......................................... 101,
SOLIQUA..................................... 49,
SOLTAMOX................................. 30,
SOMATULINE DEPOT.................. 85,
SOMAVERT................................. 85,
SOOLANTRA................................64,
sorine .......................................... 52,
"sotalol hcl ............................52, 101",
"sotalol hcl (af) ..................... 52, 101",
sotalol hydrochloride .................. 52,
SOTYLIZE..................................... 52,
SOVALDI......................................40,
SPIRIVA HANDIHALER............... 108,
SPIRIVA RESPIMAT....................108,
spironolactone ............................ 56,
spironolactone-hctz .................... 55,
sprintec 28 .................................. 82,
SPRITAM..................................... 16,
SPRIX.........................................101,
SPRYCEL...................................... 33,
sps ...............................................66,
sronyx ......................................... 82,
ssd ...............................................15,
stavudine .................................... 42,
STELARA......................................64,
sterile water for irrigation ........ 101,
"THYROLAR-1/4.................... 84, 101",
"THYROLAR-2........................84, 101",
"THYROLAR-3........................84, 101",
tiagabine hcl ............................... 17,
TIBSOVO..................................... 32,
tigecycline ...................................11,
TIGLUTIK..................................... 59,
TIKOSYN...................................... 52,
"timolol maleate .............28, 53, 104",
TIMOPTIC OCUDOSE.................104,
tinidazole .................................... 11,
TIROSINT.....................................84,
TIROSINT-SOL..............................84,
TIVICAY....................................... 41,
"tizanidine hcl .......................39, 111",
"TOBI PODHALER....................9, 109",
TOBRADEX.................................... 9,
TOBRADEX ST............................103,
tobramycin ....................................9,
tobramycin sulfate ........................9,
tobramycin-dexamethasone .....103,
TOLAK......................................... 64,
tolazamide ................................ 101,
tolbutamide ................................ 47,
TOLSURA.....................................25,
tolterodine tartrate .....................72,
tolterodine tartrate er ................ 72,
"topiramate ............................18, 28",
topiramate er ..............................18,
toremifene citrate .......................30,
torsemide ....................................56,
TOUJEO MAX SOLOSTAR............ 49,
TOUJEO SOLOSTAR..................... 49,
tpn electrolytes ........................... 67,
TRACLEER..................................110,
TRADJENTA................................. 47,
tramadol hcl ..................................7,
"tramadol hcl er ..................... 6, 101",
tramadol hcl er (biphasic) .............6,
tramadol-acetaminophen .............4,
trandolapril .................................52,
trandolapril-verapamil hcl er ......55,
tranexamic acid .......................... 50,
"TRANSDERM-SCOP (1.5 MG) 23, 68",
tranylcypromine sulfate ..............20,
TRAVASOL...................................67,
TRAVATAN Z............................. 105,
trazodone hcl .............................. 20,
TRECATOR...................................29,
VIMPAT....................................... 18,
VIOKACE......................................71,
viorele ....................................... 102,
VIRACEPT.................................... 43,
"VIREAD..................................39, 42",
VISTOGARD...............................102,
vitamin d (ergocalciferol) ..........102,
VITRAKVI..................................... 32,
"VIZIMPRO..............................33, 34",
voriconazole ................................25,
VOSEVI........................................ 40,
VOTRIENT....................................34,
"VRAYLAR............................... 38, 45",
vyfemla ....................................... 83,
vylibra ......................................... 83,
VYNDAMAX...............................102,
VYNDAQEL.................................. 76,
VYVANSE.....................................58,
WAKIX.......................................102,
warfarin sodium ..........................49,
wixela inhub ..............................109,
wymzya fe ...................................83,
XADAGO....................................102,
XALKORI...................................... 34,
XARELTO..................................... 49,
XARELTO STARTER PACK.............49,
XATMEP...................................... 88,
XELJANZ...................................... 88,
XELJANZ XR................................. 88,
XERMELO.................................... 69,
XGEVA.........................................92,
"XIFAXAN................................11, 69",
XIIDRA.......................................105,
XOFLUZA..................................... 43,
XOLAIR...................................... 111,
XOSPATA.....................................32,
XPOVIO (100 MG ONCE,
WEEKLY)......................................31,
XPOVIO (60 MG ONCE WEEKLY). 31,
XPOVIO (80 MG ONCE WEEKLY). 31,
XPOVIO (80 MG TWICE,
WEEKLY)......................................31,
XTAMPZA ER................................. 6,
XTANDI........................................29,
xulane ......................................... 83,
XURIDEN..................................... 71,
XYREM...................................... 112,
YF-VAX........................................ 90,
YUPELRI.....................................108,